{
    "parts": {
        "cat": {
            "frameCount": 35,
            "height": 810,
            "position": {
                "positionX": [
                    {
                        "index": 108,
                        "x": 0,
                        "y": 809.393
                    },
                    {
                        "index": 109,
                        "x": 454.449,
                        "y": 808.786
                    }
                ],
                "positionY": [
                ]
            },
            "positionRelationType": 0,
            "positionType": 0,
            "rotateCenter": [
                {
                    "x": 227.5,
                    "y": 405
                }
            ],
            "scale": {
                "scaleX": {
                    "pointA": [
                        {
                            "index": 108,
                            "x": 0,
                            "y": 809.393
                        }
                    ],
                    "pointB": [
                        {
                            "index": 109,
                            "x": 454.449,
                            "y": 808.786
                        }
                    ]
                },
                "scaleY": {
                    "pointA": [
                    ],
                    "pointB": [
                    ]
                }
            },
            "triggerDelay": 0,
            "triggerLoop": 0,
            "triggerStop": false,
            "triggerType": 0,
            "width": 455,
            "zPosition": 1
        },
        "face": {
            "frameCount": 25,
            "height": 270,
            "position": {
                "positionX": [
                    {
                        "index": 46,
                        "x": 255,
                        "y": 129.100
                    }
                ],
                "positionY": [
                ]
            },
            "positionRelationType": 1,
            "positionType": 1,
            "rotateCenter": [
                {
                    "index": 46,
                    "x": 255,
                    "y": 129.100
                }
            ],
            "scale": {
                "scaleX": {
                    "pointA": [
                        {
                            "index": 74,
                            "x": 150.5,
                            "y": 25.200
                        }
                    ],
                    "pointB": [
                        {
                            "index": 77,
                            "x": 357,
                            "y": 24.799
                        }
                    ]
                },
                "scaleY": {
                    "pointA": [
                    ],
                    "pointB": [
                    ]
                }
            },
            "triggerDelay": 0,
            "triggerLoop": 0,
            "triggerStop": false,
            "triggerType": 0,
            "width": 508,
            "zPosition": 0
        }
    },
    "version": "1.1"
}
