{"faceMorph":{"canvasSize":[750,1334],"makeups":[{"enable":true,"imagePath":"__facemorph/bulingbuling.png","imageScale":1,"position":[172,475],"tag":"EYE","triggerDelay":0,"triggerLoop":0,"triggerStop":false,"triggerType":0},{"enable":true,"imagePath":"__facemorph/eye.png","imageScale":1,"position":[193,455],"tag":"EYE","triggerDelay":0,"triggerLoop":0,"triggerStop":false,"triggerType":0},{"enable":true,"imagePath":"__facemorph/face.png","imageScale":1,"position":[147,461],"tag":"EYE","triggerDelay":0,"triggerLoop":0,"triggerStop":false,"triggerType":0},{"enable":true,"imagePath":"__facemorph/mouth.png","imageScale":1,"position":[293,736],"tag":"LIP","triggerDelay":0,"triggerLoop":0,"triggerStop":false,"triggerType":0}],"zPosition":0},"stickerType":"faceMorph","version":"1.1"}